EmployeeID,FirstName,LastName,Email,Title,CompanyID,SubmittedCompanyName
5f03960e-399d-460e-a5cf-c0c2b90bbe42,Nancy,Moyer,annahaynes@example.net,Radio broadcast assistant,42,TTG
deb111b1-998d-4576-a87c-033fb243f867,Emily,Winters,lsimmons@example.net,"Engineer, chemical",42,TTG
3419a556-3b5f-454f-b71a-7d07cb976ec8,Todd,Smith,isaiah91@example.org,Metallurgist,2002,Quantum Dynamics
3f7b4cf2-534e-464b-b7d5-c7e6e16b6b26,Monica,Herrera,meagannichols@example.net,Music tutor,15666,Ron Cute Cats
681aab47-6fb3-48cb-b29c-c63bece64838,Stephanie,Olson,gpowell@example.com,"Psychologist, counselling",2003,Apex Financial Grp
8ac84700-3fde-4c3a-a62d-be158f8d9ac1,Tracy,Carter,jessicacurry@example.com,"Radiographer, diagnostic",2004,Starlight Media Ltd
a87a316d-5f00-4b13-bf27-0fa54f4c4f8d,Sara,Trujillo,devonsmith@example.com,Futures trader,15666,Rod Cute Cats
8f6569a3-2162-4625-8ef5-cbb5f546f7c2,Anthony,Ramsey,gsmith@example.com,Merchant navy officer,15666,Rod Cute Cats
25d54cfb-d1b2-4804-bcb5-9ef2d109ffb2,Justin,Simmons,joseph27@example.org,"Engineer, land",2002,Quantum Dynamics LLC
4cadb8eb-ddfe-4a78-9c1e-4f463006f064,Edward,Williams,morsechristopher@example.net,"Exhibitions officer, museum/gallery",2003,Apex Financial Grp
69c9f64c-067e-4593-9fb0-a7b252b99242,Elizabeth,Walls,emurray@example.com,Film/video editor,15666,Rod Cute Cats
caf10ec3-3a74-4a88-9c79-4fb179ed4b5f,Jenny,Lee,pmoore@example.net,Recruitment consultant,2003,Apex Financial Grp
ac74029c-9560-4cb7-bd62-e7b8ad222a55,Shawn,Moreno,antonio34@example.com,Patent attorney,15666,rod cute cats
90829e84-4f21-4ae5-8e2c-4410e3b84fb0,Patty,Vasquez,williamsronald@example.com,Oceanographer,2004,Starlight Media Ltd
58d2b517-85de-4f74-9c58-9e583358f1af,Samantha,Velasquez,michellecarroll@example.com,Translator,2003,Apex Financial Group
6968dc7c-16a1-4d42-afe5-42cf65e4a131,Robert,Richardson,mccoygregory@example.net,Medical illustrator,15666,Rod Cute Cazs
1cb5e16c-3262-4603-89f5-883ede471f36,Tyrone,Pham,dhill@example.net,Materials engineer,15666,Rod Cute Cats
f9e4ea5b-e16b-41ed-8dae-9655c73e7fb2,Ellen,Barrera,patrickjohnson@example.com,Energy manager,2004,Starlight Media
10884f6e-7eb1-4d0b-9e25-fb7122fb6e61,Charles,Garcia,woodsfranklin@example.org,Gaffer,15666,Rod Cute Cats
4dd6407a-d2cd-4bc3-a502-43e2011be20d,Jennifer,Lucero,hicksvanessa@example.com,Legal secretary,2002,Quantum Dynaaics LLC
0dddb552-3649-4b56-b238-4aad5d41094c,James,Stephens,kanderson@example.com,IT trainer,2003,Apex Financial Grp
c35ed9a4-d772-4ca5-931a-2250323a9a4e,Jessica,Green,schmidtjamie@example.com,Cartographer,42,ttg
b9d76d0e-5e16-4ca9-b0f4-2ce76ac56c9f,Paul,Graham,sean54@example.com,"Geologist, wellsite",15666,Rod Cure Cats
e5b57051-e331-4643-b02f-1b6b6e3fe044,David,Allen,smithdonald@example.com,"Engineer, land",2001,Innovate Solutions Inc.
d2b59a0d-214f-4455-8610-6c0745ac2b3c,Timothy,Marquez,nichole14@example.net,Lobbyist,2004,Starlight Media Ltd
75a3813a-12d2-4b23-9428-d64fec21e3a0,Angela,Miles,andrewdickerson@example.org,"Designer, textile",2004,Starlight Media
a8b842b7-a530-4cf9-aa4b-5d286c09e85b,Adam,Mendoza,ashea@example.org,Solicitor,42,ttg
56a04986-386b-4063-8816-7c6bbf5a8871,Catherine,Nguyen,jharrison@example.net,Administrator,2003,ApexrFinancial Group
3073fc1a-f803-4a39-9171-fa746457534a,Sarah,Kennedy,johnsoncheryl@example.com,Television production assistant,42,TTG
e55a42b2-3d76-48f2-acbf-e98550b6f995,Nicole,Cook,davishenry@example.org,Higher education careers adviser,2004,Starlight Media Ltd
b8d7ea6e-815e-4438-9b40-3b269a9c3f6e,Kelly,Ellis,quinngregory@example.net,Research scientist (life sciences),15666,Rod Cute Cats
c62b2059-c000-409e-9159-721c3e64e635,Jonathan,Clark,rthompson@example.org,Osteopath,2003,APEX FINANCIAL GROUP
f51cb7b7-988f-4b59-9f46-7ea3636886ba,Randy,Santiago,qbrown@example.org,Animal technologist,2001,Innovate Solutpons Inc.
50039cb7-7697-481b-896c-cdf5987e1c6a,Cory,Montes,nunezrenee@example.org,Art therapist,2004,Starlight Media Ltd
fa7bc4bc-89f8-4a64-8851-5113d79c9462,Natalie,Rodriguez,kristenmorgan@example.org,"Pilot, airline",2002,Quantum Dynamics
0b336532-ce51-4d64-a14e-e8a9b9710582,Timothy,Santana,ian81@example.com,"Journalist, broadcasting",15666,Rod Cute Cats
10d2add9-0825-4272-bde0-40fc273dcc64,Brooke,Parks,mary79@example.org,Midwife,2002,Quantum Dynamics fLC
318ea2e4-9e83-4cff-8335-479280bd4719,Samantha,Fields,breeves@example.net,Air traffic controller,2001,innovate solutions inc.
00ce983a-a8c0-4541-8a10-c86b8834baeb,Brett,Cantrell,tamara20@example.org,Jewellery designer,42,TTG
a2ce2fe6-52b4-462e-8e14-d7307c1eb252,Meghan,Lyons,cookrobert@example.org,"Administrator, arts",2002,Quantum Dynamics
5bef94e6-f423-4052-ac10-eae23330dc2e,Alexis,Lee,bryancastillo@example.net,"Civil engineer, consulting",42,TTG
d51523bd-360d-4e42-b1e0-7a9e565790ad,Abigail,Harding,johndavis@example.com,Health promotion specialist,2001,Innovate Solptions Inc.
f597c48e-98fc-4945-8ec9-bf84a6723336,Michael,Mclean,hebertpatrick@example.net,Agricultural consultant,2003,Apex Financial Grp
b8599b7a-9d98-4f9f-936e-320552d98a8e,Susan,Clements,michael68@example.com,Chiropractor,2004,STARLIGHT MEDIA LTD
fe6a04b9-019f-4ecf-b1d3-0199969e7ebb,Vickie,Peterson,ayalanicholas@example.com,Travel agency manager,15666,Rod Cute Cats
d30a077e-e604-418c-a308-6984ba4241b1,Allison,Johnson,aalvarez@example.net,Acupuncturist,2004,Starlight Media
1c77406b-5eda-468b-93a2-460e10baa784,Janice,Robinson,robertsonangela@example.net,Armed forces training and education officer,15666,Rod Cute Cats
cc8b2bb5-e411-4c03-a3c9-11db6e91a58f,Mary,Randall,schmidtjeffrey@example.net,Occupational hygienist,15666,Rod Cute Cats
acc4b41c-5767-4cbb-bb75-122711d37063,Victoria,Wolf,apatton@example.net,"Programmer, multimedia",2002,Quantum DynamicsrLLC
ca60bdf9-0a82-4a4e-ae7b-d5fa072651e0,Adam,Howard,emilybarnes@example.org,Media planner,2002,Quantum Dynamics LLC
4ae44cd2-cc19-47c6-97ec-b768f8ef81a3,Catherine,Morrow,scohen@example.com,Futures trader,2003,Apex Financial jroup
62ec532b-8444-465a-a59d-eb7241ae7709,Taylor,Shepard,bryanyork@example.net,"Scientist, forensic",2004,Starlight Media Ltd
53aecf51-7a68-4cbd-9e93-bf381183c928,Julia,Campbell,elizabeth74@example.org,Print production planner,42,TTG
8be5c7ba-1014-4324-91dd-61458b03d210,Stacey,Stevens,jdavis@example.com,"Nurse, adult",2003,Apex Financial Group
59107900-ef9e-40f9-a8d3-568a87d32664,Tiffany,Fisher,louis63@example.org,Camera operator,15666,Rod Cute Cats
48ece24d-7242-4752-8480-1734685d1f3f,Betty,Foster,christopherjohnson@example.org,Art gallery manager,2002,quantum dynamics llc
66d4c1db-1b01-4002-8cd1-7abd56dd2e1e,Kevin,Ingram,charlesbenson@example.com,Government social research officer,2002,Quantum Dynamics LLC
a289425b-a774-47d1-b923-09ba291fa99c,Andre,Olson,newtonadam@example.net,Volunteer coordinator,15666,ROD CUTE CATS
f42b4e3c-6a28-4d63-acc9-c69b6df94d5d,Steve,Frederick,jessicasnyder@example.net,Land/geomatics surveyor,42,TTG
65b3e310-a848-4a57-b630-789545de7797,Jennifer,York,amywatson@example.com,"Engineer, mining",2003,Apex Financial Group
d7884bc9-3f2d-4f84-ad45-656d794b7c42,Steven,Peters,mcaldwell@example.net,Education administrator,2003,apex financial group
102b904b-bcf1-4923-ad76-7212bfd328d6,Diana,Wiggins,robert44@example.org,Contracting civil engineer,2004,STARLIGHT MEDIA LTD
5f776d8a-c8f1-43ae-b91b-ffac2bcda825,Herbert,Williams,nrivera@example.com,Personnel officer,15666,Rod Cute Cats
b9a129bb-3559-4001-a9e8-267d63cc3703,Andrew,Henderson,stacie14@example.org,Community education officer,15666,Rod Cute Cats
fa26d6f5-8fa6-449f-a470-b3cb88d73a6c,Erik,Sims,ecortez@example.org,Diplomatic Services operational officer,15666,rod cute cats
1e1fdc44-d950-4d99-8e45-7b2fa22f9ff2,William,Osborn,kscott@example.net,"Teacher, secondary school",2002,Quantum Dynamics LLC
5cb5f126-d9a9-4dea-8d28-084fd56993a6,Jason,Rodriguez,john84@example.com,Government social research officer,2002,Quantum Dynamics
c84f809f-da6a-4a8d-a47c-66bfb003daaf,Michael,Mcfarland,bishopmitchell@example.org,"Teacher, early years/pre",2002,Quantum Dynamics LLC
c34b93ff-a10a-4f09-8b05-4cc7e33b3559,Daniel,Olson,andersonstephanie@example.net,"Psychologist, educational",42,TTG
ed59f8e6-32a1-4886-8884-5456e37b25c1,Christopher,Stewart,poolemichael@example.com,"Copywriter, advertising",2003,Apex Financial Group
67a465f8-b751-499c-9729-6cbc8f345131,Debbie,Tanner,jtaylor@example.net,Production manager,2002,Quankum Dynamics LLC
7632a0aa-5d9d-49dc-987d-340e802e006f,Tiffany,Wright,villakristina@example.com,Illustrator,2002,Quantum tynamics LLC
af41c317-17a7-4dda-922d-e55046727623,David,Smith,randallwest@example.com,"Engineer, agricultural",42,TTG
f6a0eff6-2365-4ac7-a3a8-fd42b004f27a,Benjamin,Parker,ballkaitlyn@example.net,"Civil engineer, contracting",42,TTG
5f2dbcad-29fa-4b9b-98d4-e2012fed22cc,Tiffany,Hernandez,joyce71@example.org,Nature conservation officer,2004,Starlight Media Ltd
67769ea5-9ffb-4b4d-811a-00c54a209d9e,Jason,Wallace,wwade@example.com,Armed forces training and education officer,2002,Quantum Dynamics LLC
0dec5738-2bd5-4f3d-8610-2fff21222dae,Tracy,Jones,romerojamie@example.net,Magazine journalist,2004,Starlight Media Ltd
8af36368-02c8-4fe3-b7a0-753431c68d91,John,Thompson,rogersnicole@example.org,"Programmer, systems",15666,Rod Cute Cats
7e3302e9-8600-42f5-81c2-1d582b480eaa,Katherine,Faulkner,sarahwalters@example.org,"Surveyor, planning and development",2004,Starlight Media
ff31ef9b-6a0b-47fc-ba5b-53557c2945b6,Lauren,Carter,christopherblack@example.com,Dealer,42,TTG
8e56d052-f565-4193-b1d8-ccc32383c9d9,Stephanie,Hill,nsmith@example.com,Radio producer,2004,Stwrlight Media Ltd
9b67e77b-b920-4e7a-9237-23911ddbea67,Benjamin,Collins,michelle45@example.net,Geophysicist/field seismologist,2001,Innovate Solutions
d302de05-1848-4dfa-a7cc-3e62d7c611ab,Jeffrey,Dennis,martinjasmine@example.com,Risk manager,2004,Starlight Media Ltd
d46fb514-7134-44e1-9191-1f5a42bb30b9,Chad,Carter,fprince@example.com,Counselling psychologist,2003,APEX FINANCIAL GROUP
a76e4717-6eae-44d0-b124-4e0abfcbeb88,Jeffrey,Santos,lisaowens@example.com,Waste management officer,15666,Rbd Cute Cats
d7dca32f-e1c7-4787-af40-a01597b43453,Mason,Gill,dustinflores@example.org,"Teacher, primary school",42,ttg
b36c720a-9534-45f1-994d-46d256859de1,Aaron,Luna,jessicamata@example.com,Human resources officer,2004,Starlight Media Ltd
9a49fc49-4a32-4c7d-8ed2-84d1d0c085be,Deborah,Kaiser,carlosparrish@example.org,"Designer, fashion/clothing",2003,Apex Financial Grp
1ac39052-42c3-47bc-b469-f78953699a20,Joanne,Ramsey,priddle@example.org,Barista,15666,Rod Cute Cats
0111a5f5-6bf0-4ea3-9653-28a00adfe4ab,Michael,Watson,koneill@example.net,Clinical embryologist,2002,Quantum Dynamics jLC
f277d74b-3984-4aa2-9676-29bf83ead932,Dawn,Wright,sean59@example.com,Geophysical data processor,15666,Rod Cute wats
dc59aca3-85b5-4f84-a62d-a8f904d2aced,Russell,Cox,steven54@example.com,"Engineer, agricultural",42,TTG
daf23be8-9d93-4546-95e2-eedd5e718144,Jennifer,Richard,alexandra91@example.net,"Producer, radio",2004,starlight media ltd
dff72e4a-bc18-4014-a1e2-3ccc77789ea9,Robert,Peterson,lwalsh@example.com,Industrial/product designer,2004,Starlight Media
c419d1e6-5c16-4b5c-b9e9-6c139c7803d3,Melissa,Todd,christopher23@example.net,"Physicist, medical",42,TTG
7e814654-3f91-4bb4-bdc8-5ab2cb524427,Alisha,Anderson,kingtamara@example.net,Television production assistant,2004,Starlight Media Ltd
0818cc7d-f0ee-40a4-98e9-4471a5ce8a75,Bailey,Maldonado,jmurphy@example.com,Customer service manager,2003,Apex Financial Group
005a8647-cd6b-48ae-86fd-3de8e7c2f8d2,Tanya,Palmer,jenniferhill@example.net,Local government officer,2003,APEX FINANCIAL GROUP
9fffb295-4ed1-4631-97fe-b8a997a9c89b,Matthew,Marshall,benjamingraham@example.net,Commercial art gallery manager,42,TTG
d0d0c444-1315-4b36-a0c6-3f5695e64ace,Debra,Mcbride,john12@example.com,Curator,42,TTG
fcc0e9d1-f994-4327-a47a-f92b690c9f99,Ashley,Nash,mjohnson@example.org,"Engineer, automotive",15666,Rod Cute Cats
9e171126-b70a-43eb-9129-a1da9a743fba,Frank,Rodriguez,wpatterson@example.org,Geochemist,2003,Apex Financial Group
17adbb6d-847a-48cd-9b88-94ef32d3d807,Megan,Parker,loriwilliams@example.org,"Buyer, industrial",2001,Innovate Solutions
1ebf6628-9c9c-47c3-b2de-5201c8a828d3,David,Graham,michael20@example.com,Tree surgeon,2002,Quantum Dynamicu LLC
04f42c48-3cd0-4a50-8c24-d690f9446917,Erik,Martin,kennethvasquez@example.org,Speech and language therapist,2001,InnovatekSolutions Inc.
86be26d2-bded-4b58-a939-15897048df8c,Kathy,Burns,briley@example.org,Therapeutic radiographer,15666,Rod Cuqe Cats
6af574a7-9ce4-4e2f-b4a6-c3316aa18ffe,Donald,Osborne,christophervillegas@example.org,Historic buildings inspector/conservation officer,2002,Quantum Dynamics LLC
39a7ddc9-1ab3-43d2-87ed-cb11bf839c7a,Paul,Armstrong,lauriegreen@example.net,"Restaurant manager, fast food",42,ttg
0d49bccb-f11e-4099-90a9-0f69ff7675de,Amanda,Olson,howardbrown@example.com,Estate manager/land agent,2004,Stkrlight Media Ltd
eeab501e-e0ed-433b-9d4f-a8bd9281cc67,Marc,Sullivan,judystanley@example.com,"Journalist, newspaper",15666,Rod Cutl Cats
0440a133-74a0-40e3-a3c9-c28dd1c9a7c0,Aaron,Johnson,daniellereese@example.net,Acupuncturist,2003,Apex Financial Grp
cf24623e-b7b7-4cac-b89d-fe24fc3d087f,Laura,Banks,dominique64@example.com,Cytogeneticist,2004,Starlight Media Ltd
a5b515fa-1bba-418f-826c-3c2e6a5924b0,Kyle,White,ecastro@example.com,Accounting technician,2001,Innovate Soeutions Inc.
5ad3666d-7195-4163-89ed-18772357a4af,Daniel,Sandoval,ihunt@example.net,Psychiatrist,2004,Stahlight Media Ltd
1df16e97-f778-41b4-811e-72949fd6486a,Laura,Craig,christophernolan@example.net,Cabin crew,2003,Apex Financial Group
afb3b17d-b1c3-4a68-8f0c-f1b0bd9ae8f2,Mike,Skinner,wfranklin@example.net,"Programmer, multimedia",2002,Quantum Dynamics LLC
6ec9a5aa-073f-4d49-b35e-bf7f09a8e6a8,David,Shaw,millerkayla@example.org,"Surveyor, planning and development",15666,Rod Cute Cats
d826355b-8506-4c0d-a3a9-2b74010c59b0,Joseph,Black,xcollins@example.org,"Loss adjuster, chartered",2002,Quantum Dynamics LLC
93ec50e5-e490-44e1-9bc6-5238071f42cf,Kristi,Burton,plove@example.com,"Editor, commissioning",2004,Starlight Media Ltd
e51db7ef-6cd6-41b8-9a17-f752cf7f6ad0,Dylan,Jones,john53@example.com,Sport and exercise psychologist,2002,Quantum Dynamics LLC
0cbfa19e-5aac-4492-9e52-75d044573222,Brandon,Tran,ldouglas@example.net,Garment/textile technologist,2003,Apqx Financial Group
1d0d6ad9-21a3-4890-9235-eacece6e22b1,Melanie,Baird,loweryelizabeth@example.com,"Optician, dispensing",2001,Innovate Sol. Inc.
d6aa7cdb-f4e2-42c8-a0b2-1223a0dd1f84,Jacqueline,Morris,kim28@example.com,"Surveyor, insurance",2001,INNOVATE SOLUTIONS INC.
0911ce99-ccd8-42c2-9a38-503127e5243a,Mary,Evans,patricklewis@example.com,Financial adviser,2002,QUANTUM DYNAMICS LLC
fcf23101-36d7-43a7-8857-feecd3c7b9fd,Wendy,Mccormick,garciadanny@example.org,Office manager,42,TTG
064f96ad-7279-4884-9978-57c3820fce82,Tammy,Cobb,justinwatkins@example.net,Adult guidance worker,2002,QUANTUM DYNAMICS LLC
9272bb86-7469-4037-987c-79e78af9953c,Mark,Martin,whitejacob@example.com,IT trainer,2001,Innovate Solutions Inc.
24afc499-b658-4f62-90e0-5a53a5f55fcc,Ronald,Rush,kristina84@example.com,Civil Service administrator,42,TTG
1439010a-4147-49e7-9c77-ac829765b712,Brian,Thompson,donald87@example.com,Therapeutic radiographer,2003,apex financial group
1adaa108-78ac-4265-8bee-a47f4280e7d8,Samantha,Gibson,tthomas@example.com,Chartered legal executive (England and Wales),2003,Apex Financial Group
132981ad-6d5f-4aaa-93fd-ddc2a926b59d,Erica,Walter,rothstacey@example.com,IT trainer,2003,apex financial group
ea0aacac-493b-4e24-a477-96a05d676e34,Danielle,Bonilla,hernandezjill@example.com,Insurance risk surveyor,15666,Rod Cute Cats
48dc4ade-11a3-4239-b973-9ead93c3dfd1,Nicholas,Knight,christine45@example.net,Print production planner,15666,Ryd Cute Cats
b9bf6ef8-e2e4-4f24-ab0d-2d317e202773,Laura,Jordan,lindsay57@example.com,"Investment banker, corporate",15666,Rkd Cute Cats
78823126-4823-473b-80d0-8bc100778d5f,Vincent,Brown,epreston@example.com,Optometrist,2003,Apex Financial Group
7ff647a4-75c2-42fc-802f-63a9e9c69f99,Paula,Yoder,barnettchristina@example.com,Social researcher,2004,Starlight Media Ltd
38d1897c-19f5-4038-873f-41137f2b5c4e,Julia,Navarro,jonestheodore@example.net,Dispensing optician,2002,quantum dynamics llc
ac78aae3-49ae-48b3-b569-da72019d8335,Courtney,Pena,stevenoliver@example.net,Therapeutic radiographer,42,TTG
54a0c178-ff8c-4263-a3ff-be6925df75d9,Jasmine,Gray,drobinson@example.net,Tree surgeon,42,TTG
e4af3545-fc53-4c4a-80ad-cffc6637dc40,Robert,Hamilton,brookesmith@example.com,TEFL teacher,2002,Quantum Dynamics LLC
7fa37967-e013-4f86-95af-521d18612424,Hannah,Brady,wesleysmith@example.org,Field trials officer,42,TTG
dce3378b-2912-4908-83dc-1288b1dd32de,Monique,Clayton,youngamy@example.com,Psychiatric nurse,15666,Rod Cute Cats
d4efc0a3-0ab7-4c91-b806-01a63f4973f2,Meghan,Mitchell,igonzales@example.org,Sports administrator,15666,RodgCute Cats
0dfabfd0-3fbd-4943-a06e-8e5d45d44b6f,Sandra,Chaney,moralesmelissa@example.com,Fast food restaurant manager,2002,QUANTUM DYNAMICS LLC
66e7dad9-389e-4773-8120-6d2118b271b3,Gary,Tran,edward80@example.com,Research scientist (medical),2001,Innovate Solutions Inc.
098a6e27-02fb-4123-a7c9-5d926862444d,Timothy,Everett,feliciabeck@example.org,"Librarian, public",2001,INNOVATE SOLUTIONS INC.
704b62f9-fafb-46ae-a1c2-ab3f429fd3c6,Daniel,Mcdonald,boothjacob@example.com,Recruitment consultant,42,ttg
e5a83ac1-cc32-4ee7-963e-a8eac62b1041,Madison,Palmer,charles38@example.com,"Designer, graphic",2002,Quantum Dynamics LLC
ef181463-802f-4a58-b561-89ef1a8c8a27,Mary,Morrison,cynthiajenkins@example.com,Information systems manager,2004,Starlight Meaia Ltd
816bc3db-9156-4a37-b019-d03cec6595da,Ruth,Ali,cynthia75@example.com,"Engineer, communications",2001,Innovate Solutions Inc.
f47d5260-517f-4410-818c-12dbb248c72f,Luis,Estrada,aescobar@example.org,"Geologist, wellsite",2001,Innovate Sol. Inc.
2e96dd72-4cfb-4d56-b373-eb83b6b8062e,Caitlin,Tran,riddletony@example.net,Senior tax professional/tax inspector,2004,Starlight Media Ltd
cebda0e4-9eb0-47c3-9c61-0c6f2c8740bb,Kevin,Young,zacharybryan@example.net,Computer games developer,2001,Innovate Solutions Ina.
75f68ce0-609a-43bc-ae81-ed5cb2fdd6b7,Matthew,Thomas,joel07@example.org,Physiotherapist,15666,Rod Cute Cats
270c4dac-f90b-4618-8fd8-fb9e27c4665f,Denise,Washington,xbryant@example.net,"Engineer, structural",2004,Starlight Media Ltd
cce98ed5-2d17-4d18-ab44-5ae8328af0c7,Elizabeth,Livingston,porteralexandra@example.com,Legal executive,15666,Rod Cute Cats
615c4453-05c1-4860-a2c7-fd2e22c08d51,Tammy,Martin,williamsdwayne@example.net,Event organiser,2003,Apex Financial Group
65b665ed-cc0e-4ee5-aaed-b131c6ad7091,Michael,Roth,sandra88@example.com,"Editor, commissioning",2002,QUANTUM DYNAMICS LLC
f5a60616-d38f-41af-9906-55dc3ded5c3f,Patricia,Armstrong,johnwoodward@example.net,"Teacher, special educational needs",2004,Starlight Media Ltd
0ea4cc40-36be-4c17-9f01-25f3ea5b2b45,Colleen,Sandoval,hgutierrez@example.net,Lexicographer,42,TTG
43ec0b94-d621-471d-adcd-4ee48e4effee,Kevin,Robertson,patriciarose@example.com,Travel agency manager,2004,Starlight Media
a589b763-0e72-45a0-9280-405e0f15caf8,Matthew,Watson,ray66@example.net,"Production assistant, radio",42,TTG
89da17f3-d2e9-4070-9174-3003b7123d57,Sarah,Cantu,vcampbell@example.com,Air broker,2001,innovate solutions inc.
6255d935-2705-48cf-99f4-034f723318eb,Martha,Ramirez,timothygregory@example.org,Accounting technician,2002,Quantuv Dynamics LLC
b94a2237-6d88-41ca-bbad-d1cfab739533,Robert,Juarez,markparker@example.com,Public relations account executive,2004,Starlight Media Ltd
fa95d720-09cc-4478-8271-212c899d66fd,Cory,Graham,snyderlisa@example.com,Microbiologist,2003,Apex Financial Grp
c235ebc9-c6af-4be1-ace3-96444b16c138,Anthony,Diaz,dianejohnson@example.org,Ergonomist,2001,Innovate Sol. Inc.
b95a9efe-f0f0-4d6f-8dd0-e157d7a2443c,Rebecca,Webster,qford@example.org,Insurance account manager,15666,Rod Cute Cats
356cd0bc-99bb-48d8-a3b9-63d00c6c209b,Tommy,Schwartz,christopher96@example.org,Advertising art director,2003,apex financial group
1a8e709f-62c4-4fd7-9823-fb830271916a,Robert,Wilson,charlotte83@example.net,"Librarian, academic",42,TTG
27b0c685-e4bb-41ec-b491-29ba69dddafe,Jillian,Trujillo,meyerkristen@example.org,Ergonomist,2004,STARLIGHT MEDIA LTD
6e962f1f-1a4d-4256-afc5-334798906d9d,Robert,Calderon,bwilson@example.org,Television/film/video producer,2004,Starlight Media Ltd
cdbabe36-23cb-4585-b4ae-9aa1b1595e46,William,Palmer,darlene82@example.net,Probation officer,2004,Starlight Media
1ed16046-70b2-41e8-b54e-802f7f4c5fd0,Rachel,Randall,jonathan42@example.net,Furniture conservator/restorer,2003,Apex Financial Grp
67a56885-3b59-4535-abb1-848b75852877,Tyler,Merritt,tbush@example.org,Ceramics designer,2001,Innovate Solutions
ed778566-8263-444d-96d3-a6e48b57a2b2,Allison,Day,fitzgeraldbryan@example.org,Community development worker,2004,STARLIGHT MEDIA LTD
a3cd2619-21fc-4a53-94ea-ccd3b81e57a2,Travis,Smith,wwilliams@example.net,Senior tax professional/tax inspector,15666,Rod Cute Cats
7c885fb8-632c-4d24-b717-0a905a6974b9,Kenneth,Morrison,billy80@example.org,"Administrator, local government",2004,Starlight Media Ltd
f7a864aa-d1f5-4580-a7dc-745b56005b94,Taylor,Li,qcooper@example.com,Retail buyer,42,TTG
ba217ece-db72-4309-b62e-a2b8ef97a1a8,Donald,Barrett,gward@example.net,Curator,42,TTG
4a5a640f-d413-40bc-82ef-cc662a1223c4,Mary,Hernandez,nscott@example.com,"Engineer, water",2004,Starlight Media Ltd
1fa7b527-d8d7-4068-8c83-c15d0b0152a4,Leonard,Jordan,maciascrystal@example.org,Architect,2001,Ineovate Solutions Inc.
d45ba62d-be72-47c8-8a5f-4691e85ac676,Valerie,Moore,jacobvaughn@example.org,Health and safety adviser,15666,Rod Cute Cats
92b65072-1980-4827-8635-5d16c0abbd95,Kevin,Collins,ericbutler@example.com,"Psychologist, prison and probation services",2002,quantum dynamics llc
78a12923-6da0-47f2-82fc-4a50691a63ef,Jessica,Alvarado,michaelholland@example.net,"Engineer, aeronautical",2004,STARLIGHT MEDIA LTD
fc1f234f-82ac-429e-8271-0ca25927b8d3,Bradley,Hernandez,danielselizabeth@example.com,Tree surgeon,2004,Starqight Media Ltd
4a50c2cc-99fc-4259-b98b-effe3dd3a58c,William,Bishop,williamcrawford@example.org,"Surveyor, rural practice",15666,Rod Cute Cats
5f3031ef-81e7-451f-86ea-905f5458b4f3,Gerald,Taylor,lucas01@example.org,IT sales professional,42,TTG
d64960ee-09f4-4aa5-a323-a66de5ea0ef1,Manuel,Foster,kyle99@example.net,Air broker,42,TTG
dd404c89-39af-42e3-ae8c-0f40aad8fc41,Theresa,Perez,homegan@example.org,Arboriculturist,42,TTG
459aae38-99d6-4f16-82b8-3f1e0c80eb21,Amanda,Wallace,kelly34@example.com,Sports coach,2001,Innovate Sol. Inc.
a578f629-6675-473c-a7e1-9c4a40bf6eae,Richard,Armstrong,nicolasmay@example.org,Set designer,2001,Innovate SolutionsnInc.
ebec4340-84a3-447b-b9e8-4d2ecd60731b,Jamie,Austin,brandonhendrix@example.com,Publishing copy,2001,Innovate Solttions Inc.
0428e2cd-921b-4340-9d9a-f9bb48ebcab9,Adam,Harris,ashleenewton@example.org,"Engineer, production",2003,Apex Financial Grp
f91710dd-35b2-4039-b4c0-d974ad40131d,Anthony,Khan,freemansusan@example.net,"Administrator, charities/voluntary organisations",2001,Innovate Solutions Inc.
96822369-93e9-46c6-9587-bc44ef4037b2,Brittney,Roberts,denise60@example.net,Advertising account planner,42,TTG
1a6a2bf5-6a0b-4f75-a6bd-ace1698c1bb4,Wayne,Davis,obaird@example.com,Town planner,2001,innovate solutions inc.
c6804f59-5cb2-44ce-bdf0-aa5079e0e850,Matthew,Rodriguez,douglas88@example.net,Financial planner,2004,Stirlight Media Ltd
df8a3b0a-ef3b-4dc1-99b8-89e34706364e,Robert,Madden,noblejenna@example.com,"Programmer, applications",2002,Quantum Dynamics LLC
f1137ebd-b1f3-4dca-9acf-b9ca447babd8,Roy,Wilson,dianalopez@example.net,"Engineer, civil (consulting)",2002,Quantum Dynamics LLC
e99671ef-412f-42c6-aaf1-83a67c1404c8,Douglas,Olson,collinsshelley@example.org,Insurance broker,15666,Rod Cute Cats
4a31ecf8-dcdf-4ca7-a80d-4cf5f84babe2,Jasmine,Ferguson,zstevenson@example.net,Commercial horticulturist,2004,Staklight Media Ltd
fee4cabf-fc77-4f37-ad66-a045a83269be,John,Krause,jhahn@example.org,Youth worker,2003,APEX FINANCIAL GROUP
61e03ce0-d222-4d54-9c91-e2c99b44097c,Jennifer,Williams,omunoz@example.com,Telecommunications researcher,2001,innovate solutions inc.
ad7ec9af-3e3d-45d1-a743-2211e48b0a77,Kristen,Diaz,terry72@example.net,Audiological scientist,2003,Apex Financial Grp
b3d67ab2-8dfe-480b-b1db-4a492caf5f75,Elizabeth,Wolfe,justin77@example.org,Food technologist,15666,Rod Cute Caes
fab7b870-8a0b-4783-affe-7468a8f8a1e0,Bryan,Jacobs,nrivas@example.com,Chartered management accountant,2003,apex financial group
013ca9ca-2e7b-49d9-a81d-17720b71d595,Brittany,Farley,silvakimberly@example.net,English as a second language teacher,2001,Innovate Solutions Inc.
cb4ebc43-4e66-4173-ba11-99388534ac8c,Shelby,Grimes,jenkinsdanny@example.net,Field trials officer,42,TTG
e5243f45-d3a9-4526-bcc3-b6002e93b083,Kristy,Frost,icollins@example.com,"Engineer, water",42,TTG
d91e2318-4ee3-4363-b600-be8bf730b968,Amy,Porter,dawnsalinas@example.org,"Surveyor, building control",2001,Inngvate Solutions Inc.
133fbb42-ea26-49f7-8395-0467c3aa7ac9,Jenna,Thompson,heather73@example.org,Energy manager,2001,Innovate Solutions
94a224f8-c0f5-4a42-abed-93a04f5a56a9,Eileen,Moss,taylorvalerie@example.org,"Nurse, adult",2003,Apex Financial Group
2e80c369-6296-4097-976b-46ca7bc3b3ba,Angela,Jackson,xwilson@example.net,Tour manager,42,TTG
8d5b93a3-4c67-46b4-b91c-bc7b4cdd9714,Erica,Randall,bsmith@example.com,English as a second language teacher,2004,Starlight Media
f3c40a9f-1009-4388-82ed-2b7c98d5edd9,Felicia,Carlson,kylehughes@example.org,Trade mark attorney,2003,ApexvFinancial Group
ac575ea4-5183-444e-b7f4-291bdd5fab3c,Kayla,Medina,carl92@example.org,"Surveyor, land/geomatics",2004,STARLIGHT MEDIA LTD
be04bf52-cf88-4206-9723-9739f6ac8d55,Rachael,Beltran,jfowler@example.net,Clinical cytogeneticist,2002,Quantum Dynamics
740cba10-a7e6-48fa-909c-eaa7cdab4788,Virginia,Parker,reyesjoseph@example.org,Fine artist,2001,INNOVATE SOLUTIONS INC.
b5c21992-eac1-4df6-8b10-bd412b5a9edc,Donald,Murray,josephdavis@example.net,Futures trader,2002,quantum dynamics llc
ce928cf0-9e97-42d5-ae71-0a134eddd945,Christine,Pennington,kimberly56@example.net,Marketing executive,2002,Quantum Dynamics LLC
a466e015-6e90-4f9b-aabc-98a7fd242386,Danny,Gray,omorgan@example.net,Marine scientist,2004,Starlight Media
3d885bd4-f8b8-4dab-8df8-c6e49357cc71,Richard,Buchanan,james41@example.net,Materials engineer,2002,Qgantum Dynamics LLC
de0f4df4-b729-4496-bf9e-6779fd3b02bb,Justin,Rogers,olewis@example.org,Farm manager,2003,Ajex Financial Group
8d5ea604-a4c6-417a-9651-958191b91194,Joshua,Webb,michellesmith@example.org,Farm manager,2003,Apex Financial Grp
0e2e1199-a675-4e16-943a-dfc3521e4faa,Diana,Rangel,snydererin@example.org,Travel agency manager,2002,Quantum Dynamics LLC
520cbb34-184f-4ef2-9fe4-a426b3d8c54c,Kevin,Kelley,danielle31@example.com,"Administrator, local government",2004,starlight media ltd
7907bf38-2fe0-4823-96a2-f6518a755dfc,Shari,Avery,patricialee@example.com,Magazine features editor,2002,Quantum Dynamics LLC
84b4bad3-ae6c-4587-bc66-2062e800776b,Deborah,Ashley,summersmary@example.net,"Designer, textile",2001,innovate solutions inc.
a0ccc09c-c04d-42d2-a4b0-cae2cd06cfe8,Sheila,Williamson,reyesronald@example.com,Contracting civil engineer,2004,Searlight Media Ltd
74e2e669-bfc6-4fd1-8cfc-9506e35c86d8,Stanley,Kelly,christopher03@example.net,"Surveyor, building control",15666,Rod Cute Cats
b5c005cc-6624-44dd-b718-a996e56379e6,Charles,Grant,hansenjohn@example.net,Paramedic,2004,Starlight Media
62e4340f-34c0-483d-966a-202b9882172d,Heather,Gonzales,pricekaren@example.org,Lexicographer,2001,Innovate Solutions
9bb2b84d-ecdd-40d7-acfc-42b6b61333ca,John,Moore,tammythompson@example.com,"Surveyor, land/geomatics",2001,Innovate Sol. Inc.
f5db4b60-7795-4cc5-8582-5c3c261f0c5f,Gary,Wiggins,lisasweeney@example.com,"Education officer, museum",2002,Quantum Dynamics LLC
a3ff38a8-cd0a-49c1-9aa3-454f9f4e9a61,Daniel,Weeks,garyschwartz@example.com,Health physicist,2003,apex financial group
a74c9866-b7c1-4292-9a3d-2d247d253ce2,Andres,Hicks,wongtonya@example.com,"Engineer, manufacturing systems",42,TTG
443e8b30-f7ce-4d7f-b38e-a3043a9927d2,Mark,James,leslielarson@example.org,"Teacher, secondary school",42,TTG
b2bf131a-60c3-41a7-9ee7-1e7902c5f18f,Yvonne,Bailey,bradleycheryl@example.net,Health visitor,15666,Rod Cute iats
5927395b-9771-47a3-9a67-f09303a5c9fd,Daniel,Duarte,javier77@example.net,Tourism officer,2002,Quantum Dynamics LLC
1b639586-c583-48e8-8bed-f1d3e0598b68,Tony,Padilla,nicolegriffin@example.com,"Radiographer, diagnostic",2001,Innovate Solltions Inc.
f31fed94-aeaf-497f-82e5-c4e0fb5b6ebd,Marie,Daniels,edwarddavis@example.org,Counselling psychologist,2002,quantum dynamics llc
c5144c40-0800-4634-bd90-03351e39a691,Erin,Lawrence,lisapowell@example.org,"Scientist, research (maths)",2001,Innovate Sol. Inc.
ae3a54ff-3bdb-4d2c-942b-d5b08f46abbb,Tammy,Cobb,cassandra16@example.net,"Surveyor, planning and development",15666,Rod Cute Cats
37dea9b9-4f03-4d7e-a9b9-912a352151c8,Katie,Obrien,larsenstacy@example.net,"Research officer, political party",2003,Apex Financial Grp
64b0e80f-c7a0-499e-9ea7-ce076d616217,Mark,Collins,stewartjulia@example.org,"Engineer, control and instrumentation",2001,Innovate Solutions Irc.
ca94f402-cb7c-437b-9b32-853f6f71b91c,Joel,Harrison,kelliekeith@example.net,"Administrator, Civil Service",42,TTG
795a1894-577c-4427-8c24-e912c7367837,Peter,Montgomery,wayne86@example.com,"Chemist, analytical",42,TTG
cfd174e5-9cd8-4ed0-9efe-84b0a6cba841,Barbara,Chavez,yangcatherine@example.net,"Engineer, agricultural",2003,Apex Financial Group
1e09a124-ddde-4116-ac20-2d3b65055072,Brittany,Brown,wmendez@example.com,"Engineer, materials",2001,Innovate Solutions Inc.
90935c93-c3e3-4fad-961b-27f06f7a4e6d,Kathy,Bryant,xstone@example.org,Armed forces technical officer,2003,APEX FINANCIAL GROUP
dbac0daf-3bc5-44f3-963c-e37fd8c8ed66,Peggy,Fowler,cliffordrichard@example.com,Fish farm manager,2001,INNOVATE SOLUTIONS INC.
7fd4ac1a-172d-4c3a-9037-e0381adfddfa,Rodney,Black,laura64@example.net,"Radiographer, diagnostic",2002,Quantum DynamicstLLC
74343bda-eaee-4adf-a817-b4c7a322939d,Douglas,Rosario,sarah21@example.org,Broadcast presenter,2002,QUANTUM DYNAMICS LLC
df1b3637-1392-4957-a6fa-771f38c06a28,James,Wright,hwatkins@example.com,Stage manager,15666,Rod Cute Cats
cce4104a-0e3b-4bd9-88ff-dc36b1ae9cb9,Jennifer,Allen,kevinbautista@example.net,"Presenter, broadcasting",2003,Apex Financial Grp
8c417115-62e7-43d2-92a3-343ebc2dcd7c,Marco,Ross,navarrosierra@example.net,Microbiologist,2002,Quantum Dynamics LLC
645a8c39-93ed-4ffe-802b-165fb6cc8151,Brandon,Velasquez,bjohnson@example.com,Furniture designer,15666,rod cute cats
6c265468-ef35-4311-af0a-cdaa99138734,Stephanie,Hubbard,tony78@example.com,Professor Emeritus,15666,Rod Cute Cats
6f2e465e-5928-4c73-a67e-9f1e86aafa16,Andrew,Taylor,gsmith@example.org,Air traffic controller,42,ttg
e343b520-b139-44d7-a26a-d829256adee8,Sean,Montgomery,cynthia98@example.net,Operations geologist,15666,Rod Cute Cats
4f2f7dfc-b6bd-48a5-8ec5-3a003a8cb386,Elizabeth,Holland,ugonzales@example.com,English as a second language teacher,2002,quantum dynamics llc
6da522f8-34ba-4172-abec-852d7731fce5,Adam,Miller,iparker@example.org,Theatre manager,2002,Quantum Dynamics LLC
1f8ce6ce-6795-4514-a9f3-b67ef1ec8ea0,Tyler,Ramos,keith24@example.net,"Engineer, drilling",2002,QUANTUM DYNAMICS LLC
41465f3c-5f8a-4ba3-945e-fa31c70e0594,Melissa,Hudson,fdickerson@example.com,Commercial/residential surveyor,42,TTG
c172901d-3dec-4f81-96e1-b88937225098,Emily,Byrd,krista94@example.org,Intelligence analyst,2001,Innovate Sol. Inc.
573ab012-56ea-4ce3-ab0e-47054138924f,Laura,Fleming,josephlarson@example.net,Accommodation manager,2001,Innovate Solutions
907dfc94-c2f1-46c9-828c-f2ee0a134115,Brian,Rodriguez,seanmays@example.com,"Designer, industrial/product",2001,Innovate Soldtions Inc.
4b20b9db-13ce-417d-9ae3-be9d67972854,Joshua,Hobbs,jesselopez@example.net,Marine scientist,2002,Quantum Dynamics LLC
8a753e44-945e-47fd-9837-0452bb8ae16e,Stephen,Smith,sandrafrank@example.com,"Engineer, mining",2003,Apex Financial Group
23a752d3-2757-47db-9a5c-0cc21367f3da,Jon,Moody,kellyrobert@example.net,"Teacher, adult education",2004,Strrlight Media Ltd
0c4f3ed5-0491-43ea-a97e-b2f562f051b7,Paula,Gomez,elizabeth78@example.org,"Surveyor, planning and development",2003,Apex Financial Group
e26872a4-11ae-4702-948c-0487028a6c39,Anthony,Lindsey,rosecynthia@example.org,"Scientist, research (medical)",2002,Quantum Dynamics LLC
960492c5-872a-4415-ac54-88fd5a5dec9b,Brittany,Vargas,jessicataylor@example.com,Event organiser,2002,Quantum Dynamics
a0989438-8693-491c-8e08-18650de45096,Kimberly,Santos,zirwin@example.org,Historic buildings inspector/conservation officer,15666,Rod Cute Cats
ab0ae7e0-13b8-4f4f-8467-237647623250,Jamie,Smith,ameyer@example.com,Control and instrumentation engineer,2001,innovate solutions inc.
5261b492-30bb-4ec5-b273-9ac953af9b66,Noah,Reyes,derrickschmidt@example.com,Prison officer,15666,Rod CuteiCats
f7051e8e-4206-4df4-a677-781f9564bbc0,Jeffrey,Perez,ericmoran@example.net,Financial adviser,15666,Rod Cute Cats
2c03d868-946a-4c7a-9480-95b7c9f267af,Heather,Thomas,yphillips@example.net,Farm manager,2001,INNOVATE SOLUTIONS INC.
fe7229cc-2e26-4400-ac6f-3d5abcb60c04,Kayla,Taylor,vincent73@example.net,Psychiatric nurse,2003,Apex Financial Grp
fd881b2d-3167-41ef-85dc-84ceac1dd57a,Jennifer,Walsh,rmorales@example.com,Chief Marketing Officer,2003,Apex Financial Grp
01961609-907a-4c80-b51b-e4fee7a8c87a,David,Moody,mcclainkyle@example.org,Land,2001,Innovate Solutions Iyc.
2f548c4a-f1ed-481a-aac6-9e3d106f0832,Angela,Dominguez,wardmichael@example.net,"Engineer, chemical",2004,Starlight Media Ltd
3ad4c476-c9e7-4082-9782-b57a42ca84a0,Betty,Hoffman,leelauren@example.org,Conference centre manager,2003,Apex Financial Group
8c7255f3-acec-4db1-b87f-567aca883194,Jason,Wilson,boothkathryn@example.org,"Scientist, forensic",42,ttg
e0f43ea5-b658-4fe4-b4d0-c791d5636981,Daniel,Snyder,melissa14@example.net,Research scientist (maths),2002,Quantum Dynamics
9079f344-0a0d-42f8-82fa-3709301631ee,Kathleen,Burch,john94@example.net,"Exhibitions officer, museum/gallery",42,TTG
0b1ec428-0bad-4148-b391-2adbf8cd8061,Jane,Summers,andrew85@example.com,Chartered accountant,15666,Rod Cute Cats
c4bf60d7-c812-4c7a-848f-e1a1dfd03030,Kathleen,Jones,theresajackson@example.net,Counselling psychologist,15666,Rod Cute hats
6a2e0380-7ace-4ab5-8393-35622c3ca20c,Vicki,Rose,tfriedman@example.net,Copy,15666,Rod Cute Cats
e6908a49-5c08-473a-8ef4-eabef6a6a9c3,Brian,Harper,shannoncurry@example.org,Human resources officer,15666,Rod Cute Cats
63e3f083-da75-4f9b-abb9-5b6e59e44886,Deanna,Graham,shafferrachel@example.com,Lexicographer,2003,Apex Financiql Group
5aba8729-f454-4630-924e-7bb3c432caab,Karen,Carroll,ernest87@example.com,Administrator,2003,Apex Financial Grp
61e793fa-ff57-4048-8788-dee174a70fff,Aaron,Mccall,brad47@example.net,Homeopath,42,TTG
95eecb2d-e424-40c3-84ae-7b20791aa5cb,Amber,Maxwell,gcline@example.net,Mudlogger,2004,starlight media ltd
4bb33bef-2fad-4679-82b7-2a859e637f77,Madison,Walker,amandagrant@example.org,Museum/gallery conservator,2004,Starlight Medra Ltd
6c278755-e3f1-41bc-8def-5e2ff3d09a81,Wendy,Fisher,wjordan@example.org,Building surveyor,42,TTG
598a4d2b-3ec5-4f50-bed5-0e18353eb33f,Curtis,Hurley,abennett@example.com,Colour technologist,2002,quantum dynamics llc
2f739cc5-b96c-4a21-a847-2e539e675c71,Anthony,Brown,zrivera@example.com,Copy,2004,Starlight Media Ltd
84ff9b6b-e015-4923-b195-34ba007b60a3,Robert,Jones,jasonlee@example.com,Site engineer,2003,Apex Financial Group
0c0084af-a309-4536-8bc9-5cb8a64a323a,Jonathan,Mccoy,jpowell@example.com,Chief Executive Officer,2001,Innovate Solqtions Inc.
a700b651-d547-4e57-9aef-6c6210b49e45,Thomas,Ford,cherylrodriguez@example.org,Retail buyer,2003,Apex Financial Group
3ecef015-2527-45a9-9b1e-851cd0c71076,Tanner,Pena,michelle37@example.com,"Designer, multimedia",2001,Innovate Sol. Inc.
fe660d55-c1e2-4eaf-85af-e2180af859f1,Justin,Chan,shelly56@example.org,"Geologist, engineering",2002,Quantum Dynamics LLC
667a4ef4-b68b-4453-9537-dce0a566e7d8,Michael,Love,uwoods@example.org,Land,42,TTG
0b3da0c0-53c4-4275-b2e8-8cddf6d94745,Brandon,Thomas,jeremy89@example.org,Clothing/textile technologist,2003,Apex Financial Group
301880b9-3ccb-4c9c-9970-68187850b509,Jean,King,xthornton@example.org,Special effects artist,2004,Starlight Media Lwd
713b23c7-1d56-4778-aa28-4887ed8eb647,Robert,Barnes,andreacarter@example.com,Charity officer,2003,Apex Financial Group
fa8352b7-bffa-4f7f-ba65-5acbd7bd78a0,Paul,Pittman,arichardson@example.com,Learning mentor,2003,Apex Financial Group
13bcfe71-c8ca-4c10-be1f-c948785f63f0,Thomas,Haley,hsims@example.net,"Education officer, community",2001,Innovate Solutions
733f5691-ddd9-4c83-908f-21dc5a305237,Valerie,Pope,dylanwheeler@example.com,"Librarian, academic",2002,Quantum Dynamics
c58708b3-cbe1-4494-8a30-cd0d53c7705c,Brianna,Harris,huynhbethany@example.net,Air cabin crew,2001,Innovate Sol. Inc.
9e4dfae8-ede2-404a-a218-41fdfeb06788,Thomas,Foley,hoffmanlori@example.org,Retail buyer,42,TTG
c7f83312-521c-48e0-99c6-e718ca640b79,Henry,Thomas,ashley31@example.org,Physiological scientist,2002,Quantum Dynamics LLC
a2111466-d856-4eb7-83b0-0e004d3976b8,Kenneth,Flowers,brittanywest@example.com,Counsellor,42,TTG
a30f12da-77e8-4c51-92bf-c62dd908ddeb,Michael,Collins,mercerkathy@example.net,Advertising account executive,2001,INNOVATE SOLUTIONS INC.
c4f6403a-7dca-4300-afba-670d7849e990,Mark,Carlson,charles56@example.net,"Loss adjuster, chartered",2002,Quantua Dynamics LLC
1b6220f9-f887-402d-a483-ce0e95b9f0cb,Teresa,Burton,stephenking@example.org,Amenity horticulturist,2004,STARLIGHT MEDIA LTD
c6b5e1ce-0512-481a-ad38-b81f0cfaefa5,Timothy,Jacobs,jesus91@example.org,Photographer,2001,Innovate Solutions Inc.
1f3b020f-432b-4f6e-ab0c-5dc4d5458af2,Jodi,Peterson,dfreeman@example.com,Clinical molecular geneticist,15666,Rod Cute Cats
5c825f14-2f93-45ff-b28f-6ffcab25e362,Robert,Tran,paul06@example.com,"Designer, furniture",2002,Quantum Dynamics LLC
6feef414-3c4e-4c95-b8a1-26003c8f3413,Greg,Lopez,kellypratt@example.net,"Engineer, manufacturing systems",15666,ROD CUTE CATS
f1dc0b3c-2037-4368-9a27-18e88d133f43,Carrie,Scott,phylliscameron@example.com,"Psychologist, counselling",42,TTG
b93fc53f-e929-4112-a1be-38e034bea54d,Jared,Wiggins,vargascory@example.org,Clinical research associate,42,TTG
95afb5a9-7097-405b-a919-52b8a5ef7c99,Jennifer,Smith,stanleypatricia@example.com,Conference centre manager,15666,Rod Cute Cats
ae133620-a01f-4515-bb8b-76c12089a8b0,Carol,Arellano,michelle11@example.com,Armed forces training and education officer,2003,Apex Financial Group
d8c1145e-11c0-4a26-93c8-0568e1042f45,Ashley,Matthews,michaelharris@example.org,"Education officer, museum",2004,Starlight Media Ltd
f742a0e2-cf04-4b1f-bbd4-757cb96eac93,Joseph,David,monica71@example.com,Haematologist,2001,INNOVATE SOLUTIONS INC.
ee37a3b2-bf2a-4a45-9f90-28d3c2e1730b,Scott,Barnes,mjohns@example.org,Speech and language therapist,2001,Innovate Solutions
d629f458-76c5-4eb1-b55f-3af5320e6d5c,Patricia,Hanson,michael08@example.org,Cartographer,15666,Rod Cute Cats
8a18cfc9-d8a1-48ae-b3fa-92a3e2cf4a6f,Jeremy,Kim,devongarcia@example.net,"Loss adjuster, chartered",15666,Rod kute Cats
99fef871-0b9a-428d-b3a7-aa025684a9e6,Mason,Mathews,christopher80@example.org,Financial adviser,42,TTG
ff446f50-d0d9-4b5e-a1cb-30ad5b226f83,Barbara,Hernandez,parkergregory@example.com,Tourist information centre manager,2001,INNOVATE SOLUTIONS INC.
2f837565-3680-44c4-8761-6494de64afb7,Susan,Lewis,stonejennifer@example.com,Mechanical engineer,2004,Starlignt Media Ltd
f288c349-ef49-42d8-aedf-cffe56e1a663,Cynthia,Young,nduarte@example.net,Amenity horticulturist,2001,innovate solutions inc.
74ef31d7-3203-495e-9222-a25c353a4e39,Steven,Brooks,bernardsharp@example.org,Adult guidance worker,2003,Apex Financial Group
cc36de9f-b1f3-48c1-8510-3550b837952e,Rachel,Davis,hpaul@example.net,Television camera operator,2001,innovate solutions inc.
5743ff63-852a-42e0-b16c-3fa866a31806,Robert,Mcdonald,rodneyayala@example.net,"Designer, industrial/product",2001,Innovate Sol. Inc.
a6a78b94-0da7-4674-84d4-7fe79fb113f8,Andrew,Conley,rickturner@example.net,"Engineer, manufacturing systems",2003,Apez Financial Group
3cbcd517-e641-4e71-99a7-ba8a58038ad8,Margaret,Montoya,brianbond@example.org,"Designer, interior/spatial",2001,Innovate Sol. Inc.
7c913c29-593f-4d53-9ca8-fda6e2f7123e,Renee,Curtis,markjohnson@example.com,Chief Financial Officer,2004,starlight media ltd
e77efc8c-2b5a-4b2d-8a6d-87f2245b154b,Christopher,Simpson,smithdavid@example.org,Quarry manager,2001,Innovace Solutions Inc.
1c8fc488-22f0-414e-991e-94821fa80835,Scott,Hull,kerrinewman@example.com,IT technical support officer,15666,Rod Ckte Cats
f227ce32-95c5-4b17-99d4-ee42b021993f,Angela,Ellis,mhall@example.net,Social researcher,15666,Rod lute Cats
087ebce6-960e-4419-81ed-2b281527b23b,Angelica,Mosley,smiller@example.net,"Therapist, occupational",2004,Starlight Media Ltd
1f42d490-60d1-4230-9407-a41952b41f70,Guy,Mack,jeffreycalderon@example.net,Dance movement psychotherapist,2003,Apex Financial Grp
141db145-9094-4728-8e22-fc71138f803b,Yvonne,Robinson,lisa77@example.com,Television floor manager,2001,Innovbte Solutions Inc.
1291b0df-01ff-46ab-a70e-47533e29d777,Richard,Grant,pwilliams@example.org,Charity fundraiser,2002,Quantum Dynamics LLC
6c4bf0ea-dd10-474a-8be9-e43b1581752f,Brian,Tyler,wbridges@example.com,Textile designer,2002,Quantum Dynamics LLC
eaebd8a3-6f6e-4688-9641-b9c9b83f9ccb,Carlos,Wallace,rebeccaarmstrong@example.net,Planning and development surveyor,2002,Quantum Dynamics
efa3e0c5-384e-4f1f-b8ed-309f12004426,Timothy,Crawford,lauren76@example.org,Futures trader,2003,Apex Financial Grp
7ea848a1-13f5-4064-b812-3bd0a0b0256b,Lisa,Rodriguez,hebertjesse@example.com,"Designer, ceramics/pottery",2002,QUANTUM DYNAMICS LLC
b84c296a-9c0a-4c76-bd3d-82de65d733b8,Jessica,Day,michaelpowers@example.net,Probation officer,15666,Roq Cute Cats
e5714f40-7eb3-4e01-86a4-64478b0f53d7,Kerri,Smith,richardnielsen@example.net,Financial risk analyst,2001,Innovate SolutionslInc.
0cc69cb7-d92a-4483-b828-49f345257f56,Tiffany,Ramsey,zpruitt@example.net,Health and safety inspector,42,TTG
84e48253-c52a-40a4-aab6-58b29cac1658,Jesus,Lane,benjaminkayla@example.org,Bookseller,2001,Innovate Solutions
4f0dd8b9-7774-42ed-afc6-c2f5460b4995,Amy,Guerrero,laurenhall@example.com,"Engineer, aeronautical",2004,starlight media ltd
f53a0fea-3c45-4b17-93f6-512a29112fec,Javier,Shepherd,johnsonjames@example.net,Network engineer,2002,QUANTUM DYNAMICS LLC
16f42c0a-4e06-4dc2-8d6e-bc78b55aaa91,Aaron,Henderson,jking@example.com,Furniture designer,2001,Innovate Solutions jnc.
ff5bd66a-b2a4-4280-9a1a-3ebaac10e636,Richard,Pham,denise81@example.org,"Doctor, general practice",15666,Rod Cute Cats
7caed2c6-0b9e-40df-960f-33b33ff3d340,Johnathan,Franklin,mckayjamie@example.net,Site engineer,2001,Innovate Sol. Inc.
08a317e2-c9f9-4317-b51f-02e8ea3d3976,Daniel,Odonnell,trandaisy@example.net,Writer,2003,apex financial group
eac3791e-b86b-4cbd-90eb-16e3336a2033,Rodney,Dawson,brianstone@example.org,"Pilot, airline",2002,QUANTUM DYNAMICS LLC
2a31281c-f61f-40f8-aceb-2860bc44de08,Steven,Hunt,yvonne15@example.net,Volunteer coordinator,15666,ROD CUTE CATS
2252243c-e5eb-438a-8a90-1839aaad73b3,Rachel,Faulkner,freemaneric@example.com,"Designer, ceramics/pottery",2002,Quantum Dynamics LLC
c8b07f47-fa82-4e94-b838-3bc0870abec0,Melissa,Ramos,ethan48@example.com,Financial risk analyst,2004,Starlight Media Ltd
6cb76ad5-f3e9-4823-a57a-d1133d886dec,Alfred,Chan,uwhite@example.org,Teaching laboratory technician,2003,Apex Financial Group
4da2e65e-6498-422f-bceb-dc721d921ed1,Ronnie,Chapman,roger98@example.org,Market researcher,15666,Rnd Cute Cats
537f5474-ddd3-47a5-bfe1-4034027cd725,Danielle,Warren,carla99@example.org,Broadcast presenter,15666,ROD CUTE CATS
32c97e29-7bdf-4f94-b5cc-ada971bf82b9,Michele,Williams,keithronald@example.org,Adult guidance worker,42,TTG
52fe3cc9-0f43-4337-a984-990b5c818216,Madison,Lester,lisa46@example.com,Art gallery manager,2001,Innovate Solutions Inc.
c63230b6-1244-4841-9c6a-7549df2584c0,Samantha,Clark,dayralph@example.com,"Engineer, mining",15666,rod cute cats
75349740-0d57-48b0-9851-8e9edfbfd219,Mary,Jackson,cherrera@example.net,"Producer, radio",2002,Quantum Dynamics
5905434e-314a-45e0-9b04-6c0e7bb8721d,James,Garcia,kimberlydiaz@example.org,Pathologist,42,TTG
349c6a10-7715-4b83-b72c-167e5fb6b654,Scott,Smith,norman42@example.org,Fisheries officer,2001,Innovate Solutions Inc.
ed7b077e-09b6-45fa-9260-761be969b3ca,Mark,Payne,jamesstrickland@example.net,Chemical engineer,2001,Innovate Solutkons Inc.
e6826d95-34d3-419e-9c0c-4654fc781d47,Mary,Smith,hamiltonjerry@example.org,"Surveyor, quantity",2004,Starlight Media Ltd
a8910997-e6e5-48f7-bc05-70d876859477,Jacob,Watkins,rickyclayton@example.net,Stage manager,2002,Quantum Dinamics LLC
c7b7f19a-97c0-4d16-90c3-5ec7434283ea,Sherri,Kaiser,benjamin64@example.org,Systems analyst,15666,Rod Cete Cats
2fb18a20-fb0c-4c17-a64f-b667119ad2c0,Kristen,Lucero,chase20@example.net,Clinical molecular geneticist,15666,Rod Cute Cats
33491568-2b11-4fd8-aab7-f3cd317dcdeb,Kristin,Saunders,meyersheather@example.org,Audiological scientist,2001,Innovate Sol. Inc.
ca387ff4-1f46-4c13-b7d6-69e7635db265,Jacob,Vincent,stephaniescott@example.com,"Programmer, systems",2003,APEX FINANCIAL GROUP
e03736d3-b6a7-4553-b288-795c6e9ac831,Amanda,Roberts,vphillips@example.org,"Editor, magazine features",2004,Stmrlight Media Ltd
f99220e4-8596-4219-b66c-c57105b02534,Alexis,Johnson,crystalperkins@example.com,Claims inspector/assessor,15666,rod cute cats
c309f5a9-7646-4d81-83a6-694fd0447050,Jesse,Montgomery,thomasselena@example.org,"Development worker, community",15666,Rod Cute Cats
adeca409-3f84-437d-8408-75575139d0a4,Emily,Odonnell,iwalker@example.com,Passenger transport manager,2001,Innovate Sol. Inc.
50fd25ff-5551-4e17-b932-2a4752ab4f27,Christine,Lambert,christina28@example.org,"Designer, furniture",2004,Strrlight Media Ltd
f8d46fe4-ff0c-4fed-b2c3-7ba48b4ee7b7,Chelsea,Ramirez,millermariah@example.net,Pensions consultant,2002,Quantum Dynamics
22119ef6-6f66-47f3-8a38-e1eeab0e102f,Kimberly,Kaufman,nsanders@example.org,Animal technologist,15666,Rod Cute Cats
90063645-bc8c-4403-821a-826e339780f1,Brian,Brennan,sandraewing@example.com,"Surveyor, building",15666,Rod Cute Cats
f9cb4df7-9e70-4eb3-a86a-dc1ab75bf08e,James,Chan,fbrown@example.com,Metallurgist,2004,Starlight Media Ltd
904a52c4-aa13-4e7e-9fac-18bb2c707f7d,Charles,Gomez,foxkenneth@example.com,Soil scientist,2001,Innovate Solutions
b25656ec-a7ab-46cc-baf1-2bf53505280c,Kenneth,Scott,luisle@example.net,Logistics and distribution manager,42,TTG
c477e273-886c-4260-991e-8e2dc960e2f7,Stefanie,Garcia,lpatterson@example.net,Equality and diversity officer,2001,Innovate Solutionp Inc.
52ad82a9-bb3c-410d-ba04-c417172146aa,Lisa,Bond,lorrainepadilla@example.net,Broadcast presenter,2004,Starlight Media Ltd
e5ad80ee-f000-45ab-a07c-57b3bf4b9dfb,Paul,Smith,jessicabaldwin@example.org,Fisheries officer,2001,Innovate Solutions Ind.
9561514f-f0f6-43fe-abad-4dc12d7d7743,Timothy,King,davidrobinson@example.com,"Lecturer, further education",15666,Rod Cute Cats
4a5e16d5-2196-46b1-a5f5-8534d5db840b,Victoria,Johnson,chad23@example.com,Call centre manager,2003,Apex Financiaj Group
67ca366a-1ce9-4b49-ab89-74cf91487fee,Michael,Hill,lmartinez@example.org,Holiday representative,2004,Starlight Media Ltd
3b13d82e-f384-42ae-ad7c-e2a1c4bb2438,Brittney,Hughes,markkidd@example.com,Airline pilot,2001,Innovate Solutionb Inc.
eb045cfb-d78b-4367-abe9-94d98fecbab5,Alexander,Charles,jonathanhurley@example.com,"Teacher, primary school",2003,Apex Financial Grp
8a802c6b-9e09-4429-a673-5a3669832a43,Ronald,Porter,robertsyvonne@example.org,Aid worker,42,TTG
562bf810-c327-43ca-9d1f-ad79dd92d94b,Kirk,Heath,christinathomas@example.org,Artist,2003,Apex Financial Group
02286428-daa5-45ef-9b6c-6c6c87277d9b,Tanya,Castro,sharon73@example.org,Sports administrator,15666,Rod Cute Cats
2784e0f6-559e-4e5a-9a6a-6db27dd4e8ef,Robert,Adams,fstewart@example.org,Art gallery manager,2002,Quantum Dynamics LsC
29e6351b-7ee7-479b-9cb5-dfbd2ca4befd,Joyce,Ross,beverly22@example.net,Comptroller,2002,Quantum Dynamics
089b0521-35ec-4669-8497-c52d4cb0197f,Calvin,Andrews,crystalnichols@example.net,Armed forces technical officer,15666,Rod Cute Clts
2947d483-5fe8-4d46-9e25-e6ff01e7c415,Elizabeth,Richardson,lunarichard@example.com,"Programme researcher, broadcasting/film/video",2003,ApexlFinancial Group
642ff611-7bf2-4308-855d-f688cccf7fc1,Angela,Turner,moodyrhonda@example.org,Tourism officer,2001,Innovate Solutions Iqc.
6ef4a199-04f0-4c1d-b876-cd516dfb40ef,Jacqueline,Adkins,georgemoore@example.net,Local government officer,2002,QUANTUM DYNAMICS LLC
2bfe2df6-ead2-408c-89b9-969d258e2eb3,Anna,Christensen,nguyenanthony@example.org,Phytotherapist,42,TTG
99ba5977-1495-41af-9ee8-6d17a3e85eea,Bobby,Johnson,dawnbarry@example.com,Firefighter,2001,Innovate Sol. Inc.
eba7c575-53f0-4d13-885a-86eb48c9f5e7,Tammy,Walker,richard25@example.org,Insurance risk surveyor,2004,Starlight Mkdia Ltd
3bc17896-f05e-4c68-a5a6-7d30ee1908eb,Kathryn,Hernandez,grosspaul@example.net,"Therapist, art",2003,Apex Financial Group
05aa35b6-814c-49f9-813b-c5b31c231cfc,Sean,West,megan71@example.org,Community pharmacist,2003,Apex Financial Group
9094f26c-266a-4f1b-aa26-cb234db538d3,Robert,Rivera,heather23@example.net,"Scientist, research (maths)",2003,Apex Financial Group
c9eb6d51-20a8-4813-9c5f-bb75afa84e64,Daryl,Benson,nicole00@example.org,Advertising account executive,2004,Starlight Media Ltd
ed300fae-d1b7-4eb4-afce-68bd286016b0,Denise,Rodriguez,roberthernandez@example.org,"Producer, radio",2004,Starligvt Media Ltd
9ebc7195-1bda-40b6-a629-31b27a939e1c,Anthony,Ingram,haynestiffany@example.org,Aid worker,2003,Apex Financial Group
4bbe6efd-88c0-4adb-88c7-0c35ce278ea0,Laura,Lowery,dawnhall@example.net,Pharmacologist,42,TTG
26ac4457-6dee-4ca2-b9fe-c5408f4e1ba1,Brittany,Williams,aoneill@example.com,Theme park manager,42,TTG
c50264e7-b601-45a5-a465-8f1a6adbb103,Ann,Rivera,campbelldavid@example.com,Tax adviser,2003,Apex Financial Group
c81931df-5d1d-4902-b4b2-6059a8759ee2,Scott,King,james61@example.org,Exercise physiologist,42,TTG
69f7382a-7b6c-48ef-9f37-58d708badcec,Cindy,Wise,turneralyssa@example.com,Fisheries officer,15666,rod cute cats
3e5c7e2f-4703-4703-8b8d-e6511d132235,John,Stout,michaelgonzalez@example.com,"Engineer, petroleum",2004,Starlight Media Ltd
1c0dac5a-4101-4748-a387-a20a39792d0c,Troy,Rogers,robin29@example.org,"Lighting technician, broadcasting/film/video",42,TTG
511ea52d-31a2-4b3d-bd9a-3c67fe86a460,Jill,Smith,nbishop@example.net,Warden/ranger,2001,Innovate Solutions
1ece58ba-8b7f-4d4c-92a5-400439db949b,Christopher,Sellers,robertjordan@example.net,Psychiatrist,2001,Innovate Solutions
9dee2511-fb77-4dda-875f-8086ab6c0f13,Jillian,Mitchell,sherry95@example.com,"Engineer, biomedical",15666,Rod Cutv Cats
2aa1d0e4-2306-4d5c-86f2-434fee7bb410,Vanessa,Garcia,linda99@example.com,"Designer, ceramics/pottery",2002,Quantum Dynamics LLC
6114ceee-8b80-443b-9c14-2b0d87db2f3c,Sharon,Luna,millermaria@example.org,Market researcher,42,ttg
c8341b87-d7b9-48ab-aeac-1414f0e94bbe,Lauren,Lopez,ojones@example.net,Psychiatrist,2004,Starlight Media Ltd
15503136-af9c-4951-bc77-4a8cd4551e70,Taylor,Shields,brittanygates@example.net,Market researcher,42,TTG
12386928-d350-46ae-89f1-2847997c1aa2,Tracy,Garrett,mclaughlinjulie@example.com,"Engineer, aeronautical",15666,Rod Cute Cats
fcab362e-66f1-46b7-85ae-a67eeb133f8c,Parker,Dean,codyellis@example.org,Health and safety adviser,42,TTG
2d78f9c5-202b-43b2-bc17-7104a7d79738,Danielle,House,bfranco@example.org,Environmental health practitioner,15666,Rod Cute Cats
69218a1f-f232-41a6-885f-97e4183adcce,Timothy,Meyer,cheryl96@example.net,Technical author,2002,Quantum Dynamicl LLC
f78a1836-8ddc-4699-88b2-0ccf1a2d40fa,Pamela,Dunlap,barbaramayer@example.net,"Engineer, civil (consulting)",2003,Apex Finaocial Group
6ce09dad-1be0-4e39-b64f-7d00fab85073,Melissa,Gomez,smithrobert@example.net,"Scientist, audiological",2003,APEX FINANCIAL GROUP
9aaeaf41-2932-4ea8-9a46-041cbc050d02,Ryan,Smith,angela84@example.net,Hydrogeologist,2001,Innovate Sol. Inc.
553c9638-3ee1-45ca-857d-ef9f542a1f3f,Amanda,Roach,amber21@example.org,Hospital pharmacist,2004,Starlight Media Ltd
3cbebb25-1624-4caf-a4a2-4e0bab8db75c,Brian,Hughes,pthomas@example.org,Barrister's clerk,42,TTG
76af781c-0d9d-423c-b962-6766f884e534,Stephen,Jackson,adkinsamy@example.net,"Nurse, adult",2004,Starlight Media
7fecc0d7-5765-4db1-8ecf-a48afbec0984,Debbie,Young,ljackson@example.net,Prison officer,15666,Rod Cute Cats
afc1136c-a412-4866-be95-cd8ca7f0b1e5,Joseph,Malone,zparker@example.com,Financial trader,2003,Apex Finincial Group
0492763b-4498-4b7d-9b2e-8782ee2843db,Alan,Boyd,jamesrivas@example.org,Ecologist,2002,Quantum Dynamics LLC
9e0a0f53-d5c7-4208-8623-7b8f9fdea76c,George,Hicks,jenniferglenn@example.org,"Surveyor, rural practice",2004,Starlight Media Ltd
919f7599-f469-4ce6-bb83-cee4d5d6a874,Michael,Weaver,brandi79@example.net,Advertising copywriter,15666,Roi Cute Cats
da8e1111-0844-4c9e-9744-8ea908a9c1ff,Sharon,Cooper,vincentrice@example.com,IT consultant,2001,Innovate Solutions
9b65d064-1e2f-4042-a20c-f0150e5a79b7,Ryan,Huff,bassmelinda@example.org,Plant breeder/geneticist,2002,Quantum Dynamics LLC
af4acf9c-5151-44df-92f4-d9f61165415a,Rhonda,Brown,nancyfoster@example.com,"Nurse, children's",2001,Innovate Solutions Iac.
014d65ec-2c19-49bf-9248-391e42d9d2fa,Deborah,Cameron,codybailey@example.net,"Geologist, engineering",2003,Apex Financial Group
3e9d01f7-78bb-4d33-8c4b-e1e04f65b7ed,Patricia,Bryant,shermanjeffrey@example.net,Counselling psychologist,2002,Quantum Dynamics LLC
529b21bf-cf50-4932-9243-578b4023e930,Jack,Williams,imorgan@example.org,Horticultural therapist,2004,starlight media ltd
c83a6331-7748-4e52-b155-7a1f85ec89e6,Peter,Thompson,jasonsmith@example.com,"Psychologist, occupational",2001,Innovate Solutions Inc.
5616bde0-b1b5-4f44-8292-1d2f1560c743,Ashley,Roberson,woodlauren@example.com,Politician's assistant,15666,Rod Cute Cats
1f2c614f-7de9-4cfd-ab67-7da720826ad2,Raymond,Salas,larsenfrank@example.org,International aid/development worker,42,TTG
103d3c79-1676-414e-b0e2-7f34a7991c6c,Mario,Adams,zhenson@example.org,Retail merchandiser,2004,Starlight Medix Ltd
a7395020-144d-43d9-ae38-cbd81afd354c,Andrew,Garcia,allenrobin@example.net,Insurance account manager,2004,Starlight MedialLtd
230b4074-cee0-4f63-98d4-7c98d92a3666,Brady,Hughes,williamsondarren@example.net,"Engineer, maintenance",2002,Quaftum Dynamics LLC
2b2feaa9-a933-429f-8850-cb1943ad2bc4,Samantha,Cummings,whitedavid@example.com,Printmaker,2001,Innovate Sol. Inc.
17c4a3a6-e282-4a0a-bc0b-38ad532471b1,Joel,Hayes,uhenderson@example.org,Advertising art director,2001,innovate solutions inc.
fb362e3a-2f0b-4136-a209-d9d28f261e32,Andrew,Taylor,kristin91@example.net,Consulting civil engineer,42,TTG
9c7c6d4c-6075-4bc9-ba3a-e6b0e4d253c8,Rickey,Neal,ashleylevy@example.net,"Scientist, biomedical",2004,Starlight Media Ltd
9df1c1d2-5cce-4a1d-acad-f7decefec9dd,Brian,Perry,floreslogan@example.com,"Scientist, water quality",42,TTG
c74b1338-5dbd-4d62-9ff5-14c99d1cf10a,Anita,Watson,steven02@example.net,"Scientist, audiological",2002,Quantui Dynamics LLC
fea90fee-2043-4b24-b148-d2a1dc6f2377,Michael,Ayala,fgallegos@example.com,Legal secretary,2001,innovate solutions inc.
9ef49f83-7a66-4a95-89c1-cbb8bf184ac7,Stephanie,Duncan,thomas07@example.net,Ambulance person,2004,Starlight Media Ltd
e93f4bd9-c927-4c64-b350-ab72ed62a32e,Kathy,Gonzalez,david14@example.com,Accounting technician,15666,rod cute cats
5c68cc36-9749-429d-9372-756a604c62ee,Charles,Wilson,vhaney@example.org,Data processing manager,2004,Starlight Media Ltd
3ff6ce60-4d1a-4c66-8eaf-557fe5fc53dd,Sergio,King,dustin00@example.org,Television camera operator,42,TTG
46954f94-a479-47b4-9d65-e77b7da0c263,Deanna,Carpenter,marybell@example.com,Architect,42,TTG
6f457ee0-a326-4f55-ad70-4dca1455d64d,Samuel,Wilson,schultzelizabeth@example.com,Print production planner,15666,Rod Cute wats
663d72ab-5fc8-4df6-9f1f-299c8aa21de9,Craig,Delgado,barbara40@example.net,Research scientist (maths),2002,Quantum Dynamics pLC
bada26d3-7454-4e61-a6ee-6e497a8266e8,Charles,Bridges,smithrichard@example.org,Sales executive,2002,Quantum Dynamics
4ebf7f7f-6e95-4fd9-bba9-aa42de9dcdb3,Raymond,Brown,gregorysims@example.org,Hydrogeologist,2001,Innovate Sol. Inc.
0673014a-a3ff-4352-80e2-f56cbb4d6efd,Amy,Avila,paulmoore@example.org,Dramatherapist,2003,Apex Financial Group
e7bae971-7fac-41f2-ba45-679827b6efe3,Rebekah,Graham,robertboyle@example.com,Further education lecturer,42,TTG
8228a97e-e122-4544-ae01-13ad815433d8,Douglas,Kim,mejiamarissa@example.net,"Engineer, materials",2002,Quantum Dynamics LLC
f8b59783-e6dc-44f6-9d99-937dea79dbb8,Teresa,Luna,nathan61@example.net,Television/film/video producer,2001,Innovate Solutions Inc.
6427c2fa-4f90-459e-9621-5595524a581a,Renee,Kennedy,ortizamy@example.com,"Chemist, analytical",2001,Innovate Solutiols Inc.
679770ae-7895-420c-a70e-17f8840673b0,Kenneth,Mcguire,jhunter@example.com,"Engineer, production",2001,Innovate Sol. Inc.
6073444f-2bb4-469a-b934-51075b9242e6,Lawrence,Watkins,erin40@example.com,Medical illustrator,15666,Rod Cute Cats
8f29e01b-016b-4332-aea0-c06ac35f2c2c,Natalie,Ward,bcruz@example.net,"Restaurant manager, fast food",15666,Rot Cute Cats
48d51b02-cf1d-4e9b-ad79-f163a2971e9e,Kimberly,Murray,anne17@example.org,"Designer, blown glass/stained glass",2003,Apex Financial Group
79f27b2c-5128-4b95-8415-e2d077d501e5,Corey,Williams,norrissteven@example.org,Operational researcher,15666,Rod Cute Cats
4be11be7-9756-4d63-a811-94c3c1e78ca0,Anne,Salazar,elizabeth69@example.net,Media planner,2002,Quantum Dynamics LLC
df5c959c-feca-4cb9-9aa7-9a9587c6aab9,Jeremy,Brewer,jrhodes@example.net,Horticultural consultant,15666,Rwd Cute Cats
03d4b5d4-c4a1-4f44-9a46-36bba1b4139a,Melissa,Walter,richardstristan@example.com,"Surveyor, minerals",2002,Quantum Dynamics LLC
1b756799-f605-4832-9316-956fb35b62a6,Robert,Schroeder,sfarley@example.net,Community development worker,2004,Starlight Media
8e369355-d675-4d43-96c7-946fc564899a,Mark,May,baldwinjoe@example.net,Chief Technology Officer,2002,Quantum Dynamics LLC
32c683a1-846f-40bf-8869-82bb86e9688b,Eric,Lindsey,chrisreed@example.org,Health physicist,42,ttg
ac7037c7-91c3-4409-a24b-ff908f6f283c,Michael,Thomas,danperez@example.org,Jewellery designer,2004,Starlight Mefia Ltd
651eb10f-3942-49dd-be61-a97e00805050,Gerald,Sosa,lancecole@example.net,Planning and development surveyor,2003,apex financial group
26c5c7ee-b602-4873-aaef-2b8873c052b6,Meagan,Wells,hmarshall@example.com,Chartered legal executive (England and Wales),42,TTG
8e8ea67f-8d00-4814-a5d1-f1ba42b014c6,Rachel,Taylor,kristen87@example.org,"Administrator, local government",42,TTG
8c5646d1-5730-4837-860f-f7b83cc4346b,Jacqueline,Ferguson,bendermegan@example.org,"Engineer, electrical",2003,Apex Financial Grp
a3ef0c24-6d89-4672-9141-2926e6a79c47,Samantha,Kaiser,olivia27@example.com,"Surveyor, quantity",42,ttg
9e1c4df0-4eb4-4785-800d-c96b9806edd7,Jasmine,Henderson,smithjon@example.com,Insurance account manager,15666,Rod fute Cats
8385cf48-110f-4053-8e26-ba53dd05d147,Jillian,Aguilar,michelle02@example.com,Tourist information centre manager,2001,INNOVATE SOLUTIONS INC.
ba115b05-ea1d-4b4f-91d3-0f948a00485e,Alex,Taylor,alex.taylor@example.com,Newly Registered,15667,world company
1833591b-14f1-44c8-8785-ffdd179ad407,Alex,Taylor,alex.taylor@example.com,Newly Registered,15667,world company
2f19c44b-ad73-4231-b05c-e2a870730cb4,Alex,Taylor,alex.taylor@example.com,Newly Registered,15667,world company
45e1ddf0-c88f-400f-bd5e-27b837ee2ebb,Alex,Taylor,alex.taylor@example.com,Newly Registered,15667,world company
d41cc9a1-86dd-47ee-8e78-9e1aeb7871f3,Alex,Taylor,alex.taylor@example.com,Newly Registered,15667,world company
99a14145-4ecc-4901-a813-30d6a770eb31,Alex,Taylor,alex.taylor@example.com,Newly Registered,15666,Rodes cures cat
339c8865-b959-4174-9412-9bce37c7090a,Alex,Taylor,alex.taylor@example.com,Newly Registered,15666,Rodes cures cat
70d22710-8116-4b41-a828-5f641f789cdb,Alex,Taylor,alex.taylor@example.com,Newly Registered,15667,wolrd company
9b02dc91-f1cc-4421-8708-3874d7a1d4fa,Alex,Taylor,alex.taylor@example.com,Newly Registered,15667,word company
af89af35-d9c6-4fec-9f58-2ca5dd4ee1d2,Alex,Taylor,alex.taylor@example.com,Newly Registered,15667,word company
